epoch,train/box_om,train/cls_om,train/dfl_om,train/box_oo,train/cls_oo,train/dfl_oo,metrics/precision(B),metrics/recall(B),metrics/mAP50(B),metrics/mAP50-95(B),val/box_om,val/cls_om,val/dfl_om,val/box_oo,val/cls_oo,val/dfl_oo,lr/pg0,lr/pg1,lr/pg2
46,0.53642,0.37132,0.85277,0.61722,0.31779,0.87102,0.88094,0.88348,0.91476,0.85817,0.75082,0.53074,0.99718,0.88285,0.58817,1.0248,0.0002576,0.0002576,0.0002576
47,0.51181,0.36175,0.84959,0.60176,0.30855,0.85942,0.88034,0.87351,0.91463,0.85574,0.73625,0.53336,0.99618,0.87543,0.59122,1.0247,0.0002188,0.0002188,0.0002188
48,0.49081,0.35051,0.84276,0.59154,0.29978,0.85123,0.87992,0.86452,0.91248,0.85358,0.73185,0.53912,0.99691,0.87467,0.59467,1.0205,0.0001804,0.0001804,0.0001804
49,0.46981,0.33924,0.83594,0.58132,0.29102,0.84305,0.8795,0.85553,0.91223,0.85128,0.72744,0.54026,0.99876,0.87119,0.5969,1.0151,0.0001416,0.0001416,0.0001416
50,0.44881,0.32864,0.82911,0.57111,0.28226,0.83487,0.87908,0.84648,0.91118,0.84961,0.72365,0.54142,0.99938,0.86812,0.59879,1.0158,0.0001032,0.0001032,0.0001032
